{"cameraMode":{"drawMode":0,"name":"Shaded","section":"Shading Mode"},"sceneLighting":true,"audioPlay":false,"sceneViewState":{"showFog":false,"showMaterialUpdate":true,"showSkybox":false,"showFlares":false,"showImageEffects":false,"showParticleSystems":false},"in2DMode":false,"pivot":{"x":1.4884454011917115,"y":8.554287910461426,"z":-1.8515963554382325},"rotation":{"x":0.21727699041366578,"y":-0.08625618368387222,"z":0.01927943155169487,"w":0.9721002578735352},"size":17.58746337890625,"orthographic":false}