{"cameraMode":{"drawMode":0,"name":"Shaded","section":"Shading Mode"},"sceneLighting":true,"audioPlay":false,"sceneViewState":{"showFog":false,"showMaterialUpdate":true,"showSkybox":false,"showFlares":false,"showImageEffects":false,"showParticleSystems":false},"in2DMode":false,"pivot":{"x":-0.46330052614212038,"y":2.1285758018493654,"z":2.068192958831787},"rotation":{"x":0.24447263777256013,"y":-0.6568871140480042,"z":0.23896199464797975,"w":0.672033965587616},"size":26.75627899169922,"orthographic":false}